PatientID,Name,Age,Gender,Disease,Department
P001,Ravi Kumar,45,Male,Diabetes,Endocrinology
P002,Sita Rao,32,Female,Fever,General Medicine
P003,Ramesh Babu,60,Male,Heart Disease,Cardiology
P004,Anitha Devi,28,Female,Fever,General Medicine
P005,Kiran Kumar,52,Male,Diabetes,Endocrinology
P006,Lakshmi,41,Female,Asthma,Pulmonology
P007,Arjun,35,Male,Asthma,Pulmonology
P008,Sneha,29,Female,Diabetes,Endocrinology
P009,Rahul,44,Male,Heart Disease,Cardiology
P010,Meena,55,Female,Unknown,General Medicine
P011,Prakash,67,Male,Heart Disease,Cardiology
P012,Divya,24,Female,Fever,General Medicine
P013,Suresh,48,Male,Diabetes,Endocrinology
P014,Priya,38,Female,Asthma,Pulmonology
P015,Manoj,44,Male,Fever,General Medicine
P016,Anjali,26,Female,Migraine,Neurology
P017,Vijay,72,Male,Heart Disease,Cardiology
P018,Kavya,31,Female,Migraine,Neurology
P019,Naresh,58,Male,Diabetes,Endocrinology
P020,Swathi,44,Female,Asthma,Pulmonology
